电影名,评分,卡司,海报
肖申克的救赎,9.7,"蒂姆·罗宾斯,摩根·弗里曼,鲍勃·冈顿",https://img3.doubanio.com/view/photo/s_ratio_poster/public/p480747492.jpg
霸王别姬,9.6,"张国荣,张丰毅,巩俐",https://img3.doubanio.com/view/photo/s_ratio_poster/public/p2561716440.jpg
阿甘正传,9.5,"汤姆·汉克斯,罗宾·怀特,加里·西尼斯",https://img9.doubanio.com/view/photo/s_ratio_poster/public/p1484728154.jpg
这个杀手不太冷,9.4,"让·雷诺,娜塔莉·波特曼,加里·奥德曼",https://img3.doubanio.com/view/photo/s_ratio_poster/public/p511118051.jpg
美丽人生,9.5,"罗伯托·贝尼尼,尼可莱塔·布拉斯基,乔治·坎塔里尼",https://img3.doubanio.com/view/photo/s_ratio_poster/public/p2578474613.jpg
泰坦尼克号,9.4,"莱昂纳多·迪卡普里奥,凯特·温丝莱特,比利·赞恩",https://img9.doubanio.com/view/photo/s_ratio_poster/public/p457760035.jpg
千与千寻,9.4,"柊瑠美,入野自由,夏木真理",https://img1.doubanio.com/view/photo/s_ratio_poster/public/p2557573348.jpg
辛德勒的名单,9.5,"连姆·尼森,本·金斯利,拉尔夫·费因斯",https://img3.doubanio.com/view/photo/s_ratio_poster/public/p492406163.jpg
盗梦空间,9.3,"莱昂纳多·迪卡普里奥,约瑟夫·高登-莱维特,艾伦·佩吉",https://img9.doubanio.com/view/photo/s_ratio_poster/public/p513344864.jpg
忠犬八公的故事,9.4,"理查·基尔,萨拉·罗默尔,琼·艾伦",https://img9.doubanio.com/view/photo/s_ratio_poster/public/p524964016.jpg
海上钢琴师,9.3,"蒂姆·罗斯,普路特·泰勒·文斯,比尔·努恩",https://img9.doubanio.com/view/photo/s_ratio_poster/public/p2574551676.jpg
楚门的世界,9.3,"金·凯瑞,劳拉·琳妮,艾德·哈里斯",https://img3.doubanio.com/view/photo/s_ratio_poster/public/p479682972.jpg
三傻大闹宝莱坞,9.2,"阿米尔·汗,卡琳娜·卡普尔,马达范",https://img3.doubanio.com/view/photo/s_ratio_poster/public/p579729551.jpg
机器人总动员,9.3,"本·贝尔特,艾丽莎·奈特,杰夫·格尔林",https://img3.doubanio.com/view/photo/s_ratio_poster/public/p1461851991.jpg
放牛班的春天,9.3,"热拉尔·朱尼奥,弗朗索瓦·贝莱昂,凯德·麦拉德",https://img3.doubanio.com/view/photo/s_ratio_poster/public/p1910824951.jpg
星际穿越,9.3,"马修·麦康纳,安妮·海瑟薇,杰西卡·查斯坦",https://img3.doubanio.com/view/photo/s_ratio_poster/public/p2206088801.jpg
大话西游之大圣娶亲,9.2,"周星驰,吴孟达,朱茵",https://img9.doubanio.com/view/photo/s_ratio_poster/public/p2455050536.jpg
熔炉,9.3,"孔侑,郑有美,金贤秀",https://img9.doubanio.com/view/photo/s_ratio_poster/public/p1363250216.jpg
疯狂动物城,9.2,"金妮弗·古德温,杰森·贝特曼,伊德里斯·艾尔巴",https://img1.doubanio.com/view/photo/s_ratio_poster/public/p2315672647.jpg
无间道,9.2,"刘德华,梁朝伟,黄秋生",https://img3.doubanio.com/view/photo/s_ratio_poster/public/p2564556863.jpg
龙猫,9.2,"日高法子,坂本千夏,糸井重里",https://img9.doubanio.com/view/photo/s_ratio_poster/public/p2540924496.jpg
教父,9.3,"马龙·白兰度,阿尔·帕西诺,詹姆斯·肯恩",https://img9.doubanio.com/view/photo/s_ratio_poster/public/p616779645.jpg
当幸福来敲门,9.1,"威尔·史密斯,贾登·史密斯,坦迪·牛顿",https://img1.doubanio.com/view/photo/s_ratio_poster/public/p1312700628.jpg
怦然心动,9.1,"玛德琳·卡罗尔,卡兰·麦克奥利菲,瑞贝卡·德·莫妮",https://img1.doubanio.com/view/photo/s_ratio_poster/public/p501177648.jpg
触不可及,9.2,"弗朗索瓦·克鲁塞,奥玛·希,安娜·勒尼",https://img9.doubanio.com/view/photo/s_ratio_poster/public/p1454261925.jpg
蝙蝠侠：黑暗骑士,9.2,"克里斯蒂安·贝尔,希斯·莱杰,艾伦·艾克哈特",https://img3.doubanio.com/view/photo/s_ratio_poster/public/p462657443.jpg
控方证人,9.6,"泰隆·鲍华,玛琳·黛德丽,查尔斯·劳顿",https://img1.doubanio.com/view/photo/s_ratio_poster/public/p1505392928.jpg
活着,9.2,"葛优,巩俐,姜武",https://img3.doubanio.com/view/photo/s_ratio_poster/public/p2513253791.jpg
乱世佳人,9.3,"费雯·丽,克拉克·盖博,奥利维娅·德哈维兰",https://img3.doubanio.com/view/photo/s_ratio_poster/public/p1963126880.jpg
寻梦环游记,9.1,"安东尼·冈萨雷斯,盖尔·加西亚·贝纳尔,本杰明·布拉特",https://img1.doubanio.com/view/photo/s_ratio_poster/public/p2503997609.jpg
末代皇帝,9.2,"尊龙,陈冲,邬君梅",https://img3.doubanio.com/view/photo/s_ratio_poster/public/p452089833.jpg
摔跤吧！爸爸,9.0,"阿米尔·汗,法缇玛·萨那·纱卡,桑亚·玛荷塔",https://img9.doubanio.com/view/photo/s_ratio_poster/public/p2457983084.jpg
指环王3：王者无敌,9.2,"伊利亚·伍德,西恩·奥斯汀,维果·莫腾森",https://img3.doubanio.com/view/photo/s_ratio_poster/public/p1910825503.jpg
少年派的奇幻漂流,9.1,"苏拉·沙玛,伊尔凡·可汗,拉菲·斯波",https://img3.doubanio.com/view/photo/s_ratio_poster/public/p1784592701.jpg
何以为家,9.1,"赞恩·阿尔·拉菲亚,约丹诺斯·希费罗,博鲁瓦蒂夫·特雷杰·班科尔",https://img1.doubanio.com/view/photo/s_ratio_poster/public/p2555295759.jpg
飞屋环游记,9.0,"爱德华·阿斯纳,克里斯托弗·普卢默,乔丹·长井",https://img9.doubanio.com/view/photo/s_ratio_poster/public/p485887754.jpg
十二怒汉,9.4,"亨利·方达,马丁·鲍尔萨姆,约翰·菲德勒",https://img3.doubanio.com/view/photo/s_ratio_poster/public/p2173577632.jpg
鬼子来了,9.2,"姜文,香川照之,袁丁",https://img1.doubanio.com/view/photo/s_ratio_poster/public/p2553104888.jpg
天空之城,9.1,"田中真弓,横泽启子,初井言荣",https://img1.doubanio.com/view/photo/s_ratio_poster/public/p1446261379.jpg
大话西游之月光宝盒,9.0,"周星驰,吴孟达,罗家英",https://img3.doubanio.com/view/photo/s_ratio_poster/public/p2561721372.jpg
哈尔的移动城堡,9.1,"倍赏千惠子,木村拓哉,美轮明宏",https://img3.doubanio.com/view/photo/s_ratio_poster/public/p2174346180.jpg
素媛,9.2,"薛景求,严志媛,李来",https://img9.doubanio.com/view/photo/s_ratio_poster/public/p2118532944.jpg
天堂电影院,9.2,"安东内拉·阿蒂利,恩佐·卡拉瓦勒,艾萨·丹尼埃利",https://img1.doubanio.com/view/photo/s_ratio_poster/public/p2559577569.jpg
罗马假日,9.0,"奥黛丽·赫本,格利高里·派克,埃迪·艾伯特",https://img9.doubanio.com/view/photo/s_ratio_poster/public/p2189265085.jpg
闻香识女人,9.1,"阿尔·帕西诺,克里斯·奥唐纳,詹姆斯·瑞布霍恩",https://img1.doubanio.com/view/photo/s_ratio_poster/public/p2550757929.jpg
辩护人,9.2,"宋康昊,金英爱,吴达洙",https://img9.doubanio.com/view/photo/s_ratio_poster/public/p2158166535.jpg
搏击俱乐部,9.0,"爱德华·诺顿,布拉德·皮特,海伦娜·伯翰·卡特",https://img1.doubanio.com/view/photo/s_ratio_poster/public/p1910926158.jpg
哈利·波特与魔法石,9.0,"丹尼尔·雷德克里夫,艾玛·沃森,鲁伯特·格林特",https://img9.doubanio.com/view/photo/s_ratio_poster/public/p2591591494.jpg
我不是药神,9.0,"徐峥,王传君,周一围",https://img9.doubanio.com/view/photo/s_ratio_poster/public/p2561305376.jpg
死亡诗社,9.1,"罗宾·威廉姆斯,罗伯特·肖恩·莱纳德,伊桑·霍克",https://img3.doubanio.com/view/photo/s_ratio_poster/public/p2575465690.jpg
教父2,9.2,"阿尔·帕西诺,罗伯特·杜瓦尔,黛安·基顿",https://img1.doubanio.com/view/photo/s_ratio_poster/public/p2194138787.jpg
狮子王,9.0,"乔纳森·泰勒·托马斯,马修·布罗德里克,杰瑞米·艾恩斯",https://img1.doubanio.com/view/photo/s_ratio_poster/public/p2277799019.jpg
指环王2：双塔奇兵,9.1,"伊利亚·伍德,西恩·奥斯汀,多米尼克·莫纳汉",https://img9.doubanio.com/view/photo/s_ratio_poster/public/p909265336.jpg
窃听风暴,9.1,"乌尔里希·穆埃,马蒂娜·格德克,塞巴斯蒂安·科赫",https://img1.doubanio.com/view/photo/s_ratio_poster/public/p1808872109.jpg
大闹天宫,9.3,"邱岳峰,富润生,毕克",https://img1.doubanio.com/view/photo/s_ratio_poster/public/p2184505167.jpg
指环王1：魔戒再现,9.0,"伊利亚·伍德,西恩·奥斯汀,伊恩·麦克莱恩",https://img3.doubanio.com/view/photo/s_ratio_poster/public/p1354436051.jpg
两杆大烟枪,9.1,"杰森·弗莱明,德克斯特·弗莱彻,尼克·莫兰",https://img1.doubanio.com/view/photo/s_ratio_poster/public/p792443418.jpg
美丽心灵,9.0,"罗素·克劳,艾德·哈里斯,詹妮弗·康纳利",https://img3.doubanio.com/view/photo/s_ratio_poster/public/p1665997400.jpg
饮食男女,9.1,"郎雄,杨贵媚,吴倩莲",https://img3.doubanio.com/view/photo/s_ratio_poster/public/p1910899751.jpg
飞越疯人院,9.1,"杰克·尼科尔森,丹尼·德维托,克里斯托弗·洛伊德",https://img1.doubanio.com/view/photo/s_ratio_poster/public/p792238287.jpg
猫鼠游戏,9.0,"莱昂纳多·迪卡普里奥,汤姆·汉克斯,克里斯托弗·沃肯",https://img3.doubanio.com/view/photo/s_ratio_poster/public/p453924541.jpg
黑客帝国,9.0,"基努·里维斯,劳伦斯·菲什伯恩,凯瑞-安·莫斯",https://img1.doubanio.com/view/photo/s_ratio_poster/public/p451926968.jpg
V字仇杀队,8.9,"娜塔莉·波特曼,雨果·维文,斯蒂芬·瑞",https://img3.doubanio.com/view/photo/s_ratio_poster/public/p1465235231.jpg
钢琴家,9.2,"艾德里安·布洛迪,托马斯·克莱舒曼,艾米莉娅·福克斯",https://img3.doubanio.com/view/photo/s_ratio_poster/public/p792376093.jpg
本杰明·巴顿奇事,8.9,"凯特·布兰切特,布拉德·皮特,朱莉娅·奥蒙德",https://img3.doubanio.com/view/photo/s_ratio_poster/public/p2192535722.jpg
看不见的客人,8.8,"马里奥·卡萨斯,阿娜·瓦格纳,何塞·科罗纳多",https://img9.doubanio.com/view/photo/s_ratio_poster/public/p2498971355.jpg
让子弹飞,8.8,"姜文,葛优,周润发",https://img1.doubanio.com/view/photo/s_ratio_poster/public/p1512562287.jpg
西西里的美丽传说,8.9,"莫妮卡·贝鲁奇,朱塞佩·苏尔法罗,Luciano Federico",https://img1.doubanio.com/view/photo/s_ratio_poster/public/p2441988159.jpg
海豚湾,9.3,"Richard O'Barry,路易·西霍尤斯,Hardy Jones",https://img1.doubanio.com/view/photo/s_ratio_poster/public/p2559579779.jpg
小鞋子,9.2,"法拉赫阿米尔·哈什米安,默罕默德·阿米尔·纳吉,巴哈丽·西迪奇",https://img9.doubanio.com/view/photo/s_ratio_poster/public/p2173580536.jpg
拯救大兵瑞恩,9.0,"汤姆·汉克斯,汤姆·塞兹摩尔,爱德华·伯恩斯",https://img9.doubanio.com/view/photo/s_ratio_poster/public/p1014542496.jpg
情书,8.9,"中山美穗,丰川悦司,酒井美纪",https://img1.doubanio.com/view/photo/s_ratio_poster/public/p449897379.jpg
穿条纹睡衣的男孩,9.1,"阿萨·巴特菲尔德,维拉·法米加,卡拉·霍根",https://img3.doubanio.com/view/photo/s_ratio_poster/public/p1473670352.jpg
音乐之声,9.0,"朱莉·安德鲁斯,克里斯托弗·普卢默,埃琳诺·帕克",https://img3.doubanio.com/view/photo/s_ratio_poster/public/p2189265302.jpg
美国往事,9.2,"罗伯特·德尼罗,詹姆斯·伍兹,伊丽莎白·麦戈文",https://img1.doubanio.com/view/photo/s_ratio_poster/public/p477229647.jpg
绿皮书,8.9,"维果·莫腾森,马赫沙拉·阿里,琳达·卡德里尼",https://img3.doubanio.com/view/photo/s_ratio_poster/public/p2549177902.jpg
致命魔术,8.9,"休·杰克曼,克里斯蒂安·贝尔,迈克尔·凯恩",https://img9.doubanio.com/view/photo/s_ratio_poster/public/p480383375.jpg
海蒂和爷爷,9.2,"阿努克·斯特芬,布鲁诺·甘茨,昆林·艾格匹",https://img9.doubanio.com/view/photo/s_ratio_poster/public/p2554525534.jpg
低俗小说,8.8,"约翰·特拉沃尔塔,乌玛·瑟曼,阿曼达·普拉莫",https://img3.doubanio.com/view/photo/s_ratio_poster/public/p1910902213.jpg
七宗罪,8.8,"摩根·弗里曼,布拉德·皮特,凯文·史派西",https://img9.doubanio.com/view/photo/s_ratio_poster/public/p2219586434.jpg
沉默的羔羊,8.8,"朱迪·福斯特,安东尼·霍普金斯,斯科特·格伦",https://img1.doubanio.com/view/photo/s_ratio_poster/public/p1593414327.jpg
蝴蝶效应,8.8,"阿什顿·库彻,梅洛拉·沃尔特斯,艾米·斯马特",https://img1.doubanio.com/view/photo/s_ratio_poster/public/p2209066019.jpg
春光乍泄,8.9,"张国荣,梁朝伟,张震",https://img3.doubanio.com/view/photo/s_ratio_poster/public/p465939041.jpg
被嫌弃的松子的一生,8.9,"中谷美纪,永山瑛太,香川照之",https://img9.doubanio.com/view/photo/s_ratio_poster/public/p884763596.jpg
禁闭岛,8.8,"莱昂纳多·迪卡普里奥,马克·鲁弗洛,本·金斯利",https://img1.doubanio.com/view/photo/s_ratio_poster/public/p1832875827.jpg
心灵捕手,8.9,"马特·达蒙,罗宾·威廉姆斯,本·阿弗莱克",https://img9.doubanio.com/view/photo/s_ratio_poster/public/p480965695.jpg
布达佩斯大饭店,8.8,"拉尔夫·费因斯,托尼·雷沃罗利,艾德里安·布洛迪",https://img3.doubanio.com/view/photo/s_ratio_poster/public/p2178872593.jpg
阿凡达,8.7,"萨姆·沃辛顿,佐伊·索尔达娜,西格妮·韦弗",https://img1.doubanio.com/view/photo/s_ratio_poster/public/p2180085848.jpg
剪刀手爱德华,8.7,"约翰尼·德普,薇诺娜·瑞德,黛安·韦斯特",https://img1.doubanio.com/view/photo/s_ratio_poster/public/p480956937.jpg
勇敢的心,8.9,"梅尔·吉布森,苏菲·玛索,布莱恩·考克斯",https://img3.doubanio.com/view/photo/s_ratio_poster/public/p1374546770.jpg
摩登时代,9.3,"查理·卓别林,宝莲·高黛,亨利·伯格曼",https://img1.doubanio.com/view/photo/s_ratio_poster/public/p2263408369.jpg
天使爱美丽,8.7,"奥黛丽·塔图,马修·卡索维茨,吕菲斯",https://img3.doubanio.com/view/photo/s_ratio_poster/public/p2447590313.jpg
喜剧之王,8.7,"周星驰,张柏芝,莫文蔚",https://img1.doubanio.com/view/photo/s_ratio_poster/public/p2579932167.jpg
加勒比海盗,8.7,"约翰尼·德普,杰弗里·拉什,奥兰多·布鲁姆",https://img9.doubanio.com/view/photo/s_ratio_poster/public/p1596085504.jpg
致命ID,8.8,"约翰·库萨克,雷·利奥塔,阿曼达·皮特",https://img9.doubanio.com/view/photo/s_ratio_poster/public/p2558364386.jpg
断背山,8.8,"希斯·莱杰,杰克·吉伦哈尔,米歇尔·威廉姆斯",https://img3.doubanio.com/view/photo/s_ratio_poster/public/p2154212680.jpg
杀人回忆,8.8,"宋康昊,金相庆,金雷夏",https://img1.doubanio.com/view/photo/s_ratio_poster/public/p2326071698.jpg
幽灵公主,8.9,"松田洋治,石田百合子,田中裕子",https://img9.doubanio.com/view/photo/s_ratio_poster/public/p1613191025.jpg
狩猎,9.1,"麦斯·米科尔森,托玛斯·博·拉森,安妮卡·韦德科普",https://img1.doubanio.com/view/photo/s_ratio_poster/public/p1546987967.jpg
阳光灿烂的日子,8.8,"夏雨,宁静,陶虹",https://img9.doubanio.com/view/photo/s_ratio_poster/public/p2564685215.jpg
请以你的名字呼唤我,8.9,"艾米·汉莫,蒂莫西·柴勒梅德,迈克尔·斯图巴",https://img3.doubanio.com/view/photo/s_ratio_poster/public/p2505525050.jpg
入殓师,8.8,"本木雅弘,广末凉子,山崎努",https://img1.doubanio.com/view/photo/s_ratio_poster/public/p594972928.jpg
哈利·波特与死亡圣器(下),8.8,"丹尼尔·雷德克里夫,艾玛·沃森,鲁伯特·格林特",https://img3.doubanio.com/view/photo/s_ratio_poster/public/p917846733.jpg
重庆森林,8.7,"林青霞,金城武,梁朝伟",https://img3.doubanio.com/view/photo/s_ratio_poster/public/p792381411.jpg
第六感,8.9,"布鲁斯·威利斯,海利·乔·奥斯蒙,托妮·科莱特",https://img9.doubanio.com/view/photo/s_ratio_poster/public/p2220184425.jpg
小森林 夏秋篇,9.0,"桥本爱,三浦贵大,松冈茉优",https://img3.doubanio.com/view/photo/s_ratio_poster/public/p2564498893.jpg
7号房的礼物,8.9,"柳承龙,朴信惠,郑镇荣",https://img9.doubanio.com/view/photo/s_ratio_poster/public/p1816276065.jpg
消失的爱人,8.7,"本·阿弗莱克,裴淳华,尼尔·帕特里克·哈里斯",https://img9.doubanio.com/view/photo/s_ratio_poster/public/p2221768894.jpg
红辣椒,9.0,"林原惠美,江守彻,堀胜之祐",https://img3.doubanio.com/view/photo/s_ratio_poster/public/p456825720.jpg
爱在黎明破晓前,8.8,"伊桑·霍克,朱莉·德尔佩,安德莉亚·埃克特",https://img9.doubanio.com/view/photo/s_ratio_poster/public/p2555762374.jpg
小森林 冬春篇,9.0,"桥本爱,三浦贵大,松冈茉优",https://img3.doubanio.com/view/photo/s_ratio_poster/public/p2258078370.jpg
玛丽和马克思,8.9,"托妮·科莱特,菲利普·塞默·霍夫曼,巴瑞·哈姆弗莱斯",https://img9.doubanio.com/view/photo/s_ratio_poster/public/p2162822165.jpg
侧耳倾听,8.9,"本名阳子,小林桂树,高山南",https://img3.doubanio.com/view/photo/s_ratio_poster/public/p456692072.jpg
一一,9.0,"吴念真,李凯莉,金燕玲",https://img3.doubanio.com/view/photo/s_ratio_poster/public/p2567845803.jpg
告白,8.7,"松隆子,冈田将生,木村佳乃",https://img9.doubanio.com/view/photo/s_ratio_poster/public/p689520756.jpg
唐伯虎点秋香,8.6,"周星驰,巩俐,陈百祥",https://img9.doubanio.com/view/photo/s_ratio_poster/public/p2357915564.jpg
大鱼,8.8,"伊万·麦克格雷格,阿尔伯特·芬尼,比利·克鲁德普",https://img9.doubanio.com/view/photo/s_ratio_poster/public/p692813374.jpg
蝙蝠侠：黑暗骑士崛起,8.8,"克里斯蒂安·贝尔,汤姆·哈迪,安妮·海瑟薇",https://img9.doubanio.com/view/photo/s_ratio_poster/public/p1706428744.jpg
阳光姐妹淘,8.8,"沈恩京,闵孝琳,姜素拉",https://img1.doubanio.com/view/photo/s_ratio_poster/public/p1374786017.jpg
倩女幽魂,8.7,"张国荣,王祖贤,午马",https://img9.doubanio.com/view/photo/s_ratio_poster/public/p2414157745.jpg
超脱,8.9,"艾德里安·布洛迪,马西娅·盖伊·哈登,詹姆斯·肯恩",https://img3.doubanio.com/view/photo/s_ratio_poster/public/p1305562621.jpg
射雕英雄传之东成西就,8.7,"梁朝伟,林青霞,张国荣",https://img1.doubanio.com/view/photo/s_ratio_poster/public/p2535922598.jpg
甜蜜蜜,8.8,"黎明,张曼玉,杨恭如",https://img9.doubanio.com/view/photo/s_ratio_poster/public/p2223011274.jpg
驯龙高手,8.7,"杰伊·巴鲁切尔,杰拉德·巴特勒,克雷格·费格森",https://img9.doubanio.com/view/photo/s_ratio_poster/public/p2210954024.jpg
萤火之森,8.9,"佐仓绫音,内山昂辉,辻亲八",https://img3.doubanio.com/view/photo/s_ratio_poster/public/p1675053073.jpg
超能陆战队,8.7,"斯科特·安第斯,瑞恩·波特,丹尼尔·海尼",https://img1.doubanio.com/view/photo/s_ratio_poster/public/p2224568669.jpg
无人知晓,9.1,"柳乐优弥,北浦爱,木村飞影",https://img3.doubanio.com/view/photo/s_ratio_poster/public/p661160053.jpg
幸福终点站,8.8,"汤姆·汉克斯,凯瑟琳·泽塔-琼斯,斯坦利·图齐",https://img1.doubanio.com/view/photo/s_ratio_poster/public/p854757687.jpg
菊次郎的夏天,8.8,"北野武,关口雄介,岸本加世子",https://img9.doubanio.com/view/photo/s_ratio_poster/public/p751835224.jpg
恐怖直播,8.8,"河正宇,李璟荣,全慧珍",https://img9.doubanio.com/view/photo/s_ratio_poster/public/p2016930906.jpg
借东西的小人阿莉埃蒂,8.8,"志田未来,神木隆之介,树木希林",https://img9.doubanio.com/view/photo/s_ratio_poster/public/p617533616.jpg
爱在日落黄昏时,8.8,"伊桑·霍克,朱莉·德尔佩,弗农·多布切夫",https://img3.doubanio.com/view/photo/s_ratio_poster/public/p1910924221.jpg
神偷奶爸,8.6,"史蒂夫·卡瑞尔,杰森·席格尔,拉塞尔·布兰德",https://img1.doubanio.com/view/photo/s_ratio_poster/public/p792776858.jpg
完美的世界,9.1,"凯文·科斯特纳,劳拉·邓恩,克林特·伊斯特伍德",https://img3.doubanio.com/view/photo/s_ratio_poster/public/p792403691.jpg
怪兽电力公司,8.7,"约翰·古德曼,比利·克里斯托,玛丽·吉布斯",https://img1.doubanio.com/view/photo/s_ratio_poster/public/p2513247938.jpg
玩具总动员3,8.8,"汤姆·汉克斯,蒂姆·艾伦,琼·库萨克",https://img1.doubanio.com/view/photo/s_ratio_poster/public/p1283675359.jpg
风之谷,8.9,"岛本须美,松田洋治,榊原良子",https://img3.doubanio.com/view/photo/s_ratio_poster/public/p1917567652.jpg
血战钢锯岭,8.7,"安德鲁·加菲尔德,萨姆·沃辛顿,文斯·沃恩",https://img1.doubanio.com/view/photo/s_ratio_poster/public/p2398141939.jpg
傲慢与偏见,8.6,"凯拉·奈特莉,马修·麦克费登,唐纳德·萨瑟兰",https://img9.doubanio.com/view/photo/s_ratio_poster/public/p452005185.jpg
上帝之城,8.9,"亚历桑德雷·罗德里格斯,莱安德鲁·菲尔米诺,菲利佩·哈根森",https://img3.doubanio.com/view/photo/s_ratio_poster/public/p455677490.jpg
功夫,8.6,"周星驰,元秋,元华",https://img1.doubanio.com/view/photo/s_ratio_poster/public/p2219011938.jpg
时空恋旅人,8.7,"多姆纳尔·格里森,瑞秋·麦克亚当斯,比尔·奈伊",https://img9.doubanio.com/view/photo/s_ratio_poster/public/p2070153774.jpg
教父3,8.9,"阿尔·帕西诺,黛安·基顿,塔莉娅·夏尔",https://img3.doubanio.com/view/photo/s_ratio_poster/public/p2169664351.jpg
电锯惊魂,8.7,"雷·沃纳尔,加利·艾尔维斯,丹尼·格洛弗",https://img9.doubanio.com/view/photo/s_ratio_poster/public/p2565332644.jpg
喜宴,8.9,"赵文瑄,郎雄,归亚蕾",https://img9.doubanio.com/view/photo/s_ratio_poster/public/p2173713676.jpg
谍影重重3,8.8,"马特·达蒙,朱丽娅·斯蒂尔斯,大卫·斯特雷泽恩",https://img1.doubanio.com/view/photo/s_ratio_poster/public/p792223507.jpg
英雄本色,8.7,"周润发,狄龙,张国荣",https://img1.doubanio.com/view/photo/s_ratio_poster/public/p2504997087.jpg
天书奇谭,9.2,"丁建华,毕克,苏秀",https://img1.doubanio.com/view/photo/s_ratio_poster/public/p2515539487.jpg
人生果实,9.5,"津端修一,津端英子,树木希林",https://img3.doubanio.com/view/photo/s_ratio_poster/public/p2544912792.jpg
岁月神偷,8.7,"吴君如,任达华,钟绍图",https://img3.doubanio.com/view/photo/s_ratio_poster/public/p456666151.jpg
被解救的姜戈,8.7,"杰米·福克斯,莱昂纳多·迪卡普里奥,克里斯托弗·瓦尔兹",https://img1.doubanio.com/view/photo/s_ratio_poster/public/p1959232369.jpg
七武士,9.2,"三船敏郎,志村乔,津岛惠子",https://img3.doubanio.com/view/photo/s_ratio_poster/public/p2565471701.jpg
哪吒闹海,9.1,"梁正晖,邱岳峰,毕克",https://img3.doubanio.com/view/photo/s_ratio_poster/public/p2516566783.jpg
我是山姆,8.9,"西恩·潘,达科塔·范宁,米歇尔·菲佛",https://img9.doubanio.com/view/photo/s_ratio_poster/public/p652417775.jpg
疯狂原始人,8.7,"尼古拉斯·凯奇,艾玛·斯通,瑞恩·雷诺兹",https://img1.doubanio.com/view/photo/s_ratio_poster/public/p1867084027.jpg
纵横四海,8.8,"周润发,张国荣,钟楚红",https://img9.doubanio.com/view/photo/s_ratio_poster/public/p2272146906.jpg
三块广告牌,8.7,"弗兰西斯·麦克多蒙德,伍迪·哈里森,山姆·洛克威尔",https://img1.doubanio.com/view/photo/s_ratio_poster/public/p2510081688.jpg
头号玩家,8.7,"泰伊·谢里丹,奥利维亚·库克,本·门德尔森",https://img1.doubanio.com/view/photo/s_ratio_poster/public/p2516578307.jpg
心迷宫,8.7,"霍卫民,王笑天,罗芸",https://img9.doubanio.com/view/photo/s_ratio_poster/public/p2276780256.jpg
萤火虫之墓,8.7,"辰己努,白石绫乃,志乃原良子",https://img1.doubanio.com/view/photo/s_ratio_poster/public/p1157334208.jpg
真爱至上,8.6,"休·格兰特,科林·费尔斯,艾玛·汤普森",https://img3.doubanio.com/view/photo/s_ratio_poster/public/p475600770.jpg
达拉斯买家俱乐部,8.8,"马修·麦康纳,詹妮弗·加纳,杰瑞德·莱托",https://img1.doubanio.com/view/photo/s_ratio_poster/public/p2166160837.jpg
釜山行,8.5,"孔侑,郑有美,马东锡",https://img1.doubanio.com/view/photo/s_ratio_poster/public/p2360940399.jpg
荒蛮故事,8.8,"达里奥·格兰迪内蒂,玛丽娅·玛努尔,莫妮卡·比利亚",https://img3.doubanio.com/view/photo/s_ratio_poster/public/p2584519452.jpg
东邪西毒,8.6,"张国荣,林青霞,梁朝伟",https://img3.doubanio.com/view/photo/s_ratio_poster/public/p1982176012.jpg
贫民窟的百万富翁,8.6,"戴夫·帕特尔,沙鲁巴·舒克拉,亚尼·卡普",https://img3.doubanio.com/view/photo/s_ratio_poster/public/p2434249040.jpg
记忆碎片,8.6,"盖·皮尔斯,凯瑞-安·莫斯,乔·潘托里亚诺",https://img3.doubanio.com/view/photo/s_ratio_poster/public/p641688453.jpg
爆裂鼓手,8.7,"迈尔斯·特勒,J·K·西蒙斯,保罗·雷瑟",https://img3.doubanio.com/view/photo/s_ratio_poster/public/p2220776342.jpg
黑天鹅,8.6,"娜塔莉·波特曼,米拉·库尼斯,文森特·卡索",https://img9.doubanio.com/view/photo/s_ratio_poster/public/p2549648344.jpg
你的名字。,8.4,"神木隆之介,上白石萌音,长泽雅美",https://img1.doubanio.com/view/photo/s_ratio_poster/public/p2395733377.jpg
花样年华,8.6,"梁朝伟,张曼玉,潘迪华",https://img9.doubanio.com/view/photo/s_ratio_poster/public/p1910828286.jpg
卢旺达饭店,8.9,"唐·钱德尔,苏菲·奥康内多,华金·菲尼克斯",https://img3.doubanio.com/view/photo/s_ratio_poster/public/p470419493.jpg
忠犬八公物语,9.2,"山本圭,井川比佐志,片桐入",https://img3.doubanio.com/view/photo/s_ratio_poster/public/p1576418852.jpg
哈利·波特与阿兹卡班的囚徒,8.6,"丹尼尔·雷德克里夫,艾玛·沃森,鲁伯特·格林特",https://img1.doubanio.com/view/photo/s_ratio_poster/public/p1910812549.jpg
头脑特工队,8.7,"艾米·波勒,菲利丝·史密斯,理查德·坎德",https://img9.doubanio.com/view/photo/s_ratio_poster/public/p2266293606.jpg
黑客帝国3：矩阵革命,8.7,"基努·里维斯,劳伦斯·菲什伯恩,凯瑞-安·莫斯",https://img1.doubanio.com/view/photo/s_ratio_poster/public/p443461818.jpg
模仿游戏,8.7,"本尼迪克特·康伯巴奇,凯拉·奈特莉,马修·古迪",https://img3.doubanio.com/view/photo/s_ratio_poster/public/p2255040492.jpg
一个叫欧维的男人决定去死,8.8,"罗夫·拉斯加德,巴哈·帕斯,托比亚斯·阿姆博瑞",https://img3.doubanio.com/view/photo/s_ratio_poster/public/p2406624993.jpg
雨人,8.7,"达斯汀·霍夫曼,汤姆·克鲁斯,瓦莱丽亚·戈利诺",https://img3.doubanio.com/view/photo/s_ratio_poster/public/p942376281.jpg
你看起来好像很好吃,8.9,"山口胜平,爱河里花子,加藤清史郎",https://img3.doubanio.com/view/photo/s_ratio_poster/public/p709670262.jpg
无敌破坏王,8.7,"约翰·C·赖利,萨拉·西尔弗曼,杰克·麦克布瑞尔",https://img9.doubanio.com/view/photo/s_ratio_poster/public/p1735642656.jpg
未麻的部屋,8.9,"岩男润子,松本梨香,辻亲八",https://img3.doubanio.com/view/photo/s_ratio_poster/public/p1351050722.jpg
恋恋笔记本,8.5,"瑞恩·高斯林,瑞秋·麦克亚当斯,吉娜·罗兰兹",https://img9.doubanio.com/view/photo/s_ratio_poster/public/p483604864.jpg
冰川时代,8.6,"雷·罗马诺,约翰·雷吉扎莫,丹尼斯·利瑞",https://img1.doubanio.com/view/photo/s_ratio_poster/public/p1910895719.jpg
哈利·波特与密室,8.6,"丹尼尔·雷德克里夫,艾玛·沃森,鲁伯特·格林特",https://img3.doubanio.com/view/photo/s_ratio_poster/public/p1082651990.jpg
海街日记,8.8,"绫濑遥,长泽雅美,夏帆",https://img1.doubanio.com/view/photo/s_ratio_poster/public/p2232247487.jpg
新世界,8.8,"李政宰,崔岷植,黄政民",https://img1.doubanio.com/view/photo/s_ratio_poster/public/p1903379979.jpg
海边的曼彻斯特,8.6,"卡西·阿弗莱克,卢卡斯·赫奇斯,米歇尔·威廉姆斯",https://img9.doubanio.com/view/photo/s_ratio_poster/public/p2421855655.jpg
二十二,8.7,,https://img1.doubanio.com/view/photo/s_ratio_poster/public/p2457609817.jpg
虎口脱险,8.9,"路易·德·菲奈斯,布尔维尔,克劳迪奥·布鲁克",https://img3.doubanio.com/view/photo/s_ratio_poster/public/p2399597512.jpg
房间,8.8,"布丽·拉尔森,雅各布·特伦布莱,肖恩·布里吉格斯",https://img9.doubanio.com/view/photo/s_ratio_poster/public/p2259715855.jpg
恐怖游轮,8.5,"梅利莎·乔治,利亚姆·海姆斯沃斯,迈克尔·多曼",https://img9.doubanio.com/view/photo/s_ratio_poster/public/p462470694.jpg
惊魂记,9.0,"安东尼·博金斯,维拉·迈尔斯,约翰·加文",https://img9.doubanio.com/view/photo/s_ratio_poster/public/p1021883305.jpg
人工智能,8.6,"海利·乔·奥斯蒙,弗兰西丝·奥康纳,山姆·洛巴兹",https://img1.doubanio.com/view/photo/s_ratio_poster/public/p792257137.jpg
雨中曲,9.0,"吉恩·凯利,唐纳德·奥康纳,黛比·雷诺斯",https://img9.doubanio.com/view/photo/s_ratio_poster/public/p1612355875.jpg
魔女宅急便,8.6,"高山南,佐久间玲,户田惠子",https://img3.doubanio.com/view/photo/s_ratio_poster/public/p456676352.jpg
奇迹男孩,8.6,"雅各布·特伦布莱,朱莉娅·罗伯茨,伊扎贝拉·维多维奇",https://img1.doubanio.com/view/photo/s_ratio_poster/public/p2507709428.jpg
疯狂的石头,8.5,"郭涛,刘桦,连晋",https://img3.doubanio.com/view/photo/s_ratio_poster/public/p712241453.jpg
罗生门,8.8,"三船敏郎,京町子,森雅之",https://img1.doubanio.com/view/photo/s_ratio_poster/public/p2564689879.jpg
海洋,9.1,"皮尔斯·布鲁斯南,雅克·贝汉,姜文",https://img9.doubanio.com/view/photo/s_ratio_poster/public/p2559581324.jpg
爱在午夜降临前,8.8,"伊桑·霍克,朱莉·德尔佩,肖姆斯·戴维-菲茨帕特里克",https://img1.doubanio.com/view/photo/s_ratio_poster/public/p2074715729.jpg
终结者2：审判日,8.7,"阿诺·施瓦辛格,琳达·汉密尔顿,爱德华·福隆",https://img9.doubanio.com/view/photo/s_ratio_poster/public/p1910909085.jpg
燃情岁月,8.8,"布拉德·皮特,安东尼·霍普金斯,艾丹·奎因",https://img1.doubanio.com/view/photo/s_ratio_poster/public/p1023654037.jpg
魂断蓝桥,8.8,"费雯·丽,罗伯特·泰勒,露塞尔·沃特森",https://img1.doubanio.com/view/photo/s_ratio_poster/public/p2351134499.jpg
小偷家族,8.7,"中川雅也,安藤樱,松冈茉优",https://img9.doubanio.com/view/photo/s_ratio_poster/public/p2530599636.jpg
初恋这件小事,8.4,"平采娜·乐维瑟派布恩,马里奥·毛瑞尔,苏达拉·布查蓬",https://img1.doubanio.com/view/photo/s_ratio_poster/public/p767451487.jpg
穿越时空的少女,8.6,"仲里依纱,石田卓也,板仓光隆",https://img9.doubanio.com/view/photo/s_ratio_poster/public/p2079334286.jpg
可可西里,8.8,"多布杰,张正阳,奇道",https://img3.doubanio.com/view/photo/s_ratio_poster/public/p2414771522.jpg
绿里奇迹,8.8,"汤姆·汉克斯,大卫·摩斯,迈克·克拉克·邓肯",https://img3.doubanio.com/view/photo/s_ratio_poster/public/p767586451.jpg
2001太空漫游,8.8,"凯尔·杜拉,加里·洛克伍德,威廉姆·西尔维斯特",https://img9.doubanio.com/view/photo/s_ratio_poster/public/p2560717825.jpg
完美陌生人,8.5,"马可·贾利尼,卡夏·斯穆特尼亚克,爱德华多·莱奥",https://img9.doubanio.com/view/photo/s_ratio_poster/public/p2522331945.jpg
牯岭街少年杀人事件,8.8,"张震,杨静怡,张国柱",https://img9.doubanio.com/view/photo/s_ratio_poster/public/p848381236.jpg
无耻混蛋,8.6,"布拉德·皮特,梅拉尼·罗兰,克里斯托弗·瓦尔兹",https://img1.doubanio.com/view/photo/s_ratio_poster/public/p2575043939.jpg
阿飞正传,8.5,"张国荣,张曼玉,刘嘉玲",https://img3.doubanio.com/view/photo/s_ratio_poster/public/p2525770523.jpg
城市之光,9.3,"查理·卓别林,弗吉尼亚·切瑞尔,佛罗伦斯·李",https://img1.doubanio.com/view/photo/s_ratio_poster/public/p2170238828.jpg
新龙门客栈,8.6,"张曼玉,林青霞,梁家辉",https://img1.doubanio.com/view/photo/s_ratio_poster/public/p1421018669.jpg
源代码,8.4,"杰克·吉伦哈尔,维拉·法米加,米歇尔·莫纳汉",https://img9.doubanio.com/view/photo/s_ratio_poster/public/p988260245.jpg
香水,8.5,"本·卫肖,艾伦·瑞克曼,蕾切儿·哈伍德",https://img9.doubanio.com/view/photo/s_ratio_poster/public/p2441127736.jpg
谍影重重2,8.6,"马特·达蒙,弗朗卡·波滕特,布莱恩·考克斯",https://img9.doubanio.com/view/photo/s_ratio_poster/public/p667644866.jpg
青蛇,8.5,"张曼玉,王祖贤,赵文卓",https://img9.doubanio.com/view/photo/s_ratio_poster/public/p584021784.jpg
谍影重重,8.6,"马特·达蒙,弗朗卡·波滕特,克里斯·库珀",https://img3.doubanio.com/view/photo/s_ratio_poster/public/p1597183981.jpg
地球上的星星,8.9,"达席尔·萨法瑞,阿米尔·汗,塔奈·切赫达",https://img9.doubanio.com/view/photo/s_ratio_poster/public/p1973489335.jpg
战争之王,8.6,"尼古拉斯·凯奇,布丽姬·穆娜,杰瑞德·莱托",https://img3.doubanio.com/view/photo/s_ratio_poster/public/p792282381.jpg
猜火车,8.5,"伊万·麦克格雷格,艾文·布莱纳,约翰尼·李·米勒",https://img1.doubanio.com/view/photo/s_ratio_poster/public/p513567548.jpg
血钻,8.6,"莱昂纳多·迪卡普里奥,杰曼·翰苏,詹妮弗·康纳利",https://img3.doubanio.com/view/photo/s_ratio_poster/public/p1244017073.jpg
色，戒,8.4,"梁朝伟,汤唯,陈冲",https://img9.doubanio.com/view/photo/s_ratio_poster/public/p453716305.jpg
遗愿清单,8.6,"杰克·尼科尔森,摩根·弗里曼,西恩·海耶斯",https://img9.doubanio.com/view/photo/s_ratio_poster/public/p708613284.jpg
大佛普拉斯,8.7,"庄益增,陈竹昇,戴立忍",https://img3.doubanio.com/view/photo/s_ratio_poster/public/p2505928032.jpg
朗读者,8.6,"凯特·温丝莱特,大卫·克劳斯,拉尔夫·费因斯",https://img1.doubanio.com/view/photo/s_ratio_poster/public/p1140984198.jpg
浪潮,8.7,"于尔根·福格尔,弗雷德里克·劳,马克思·雷迈特",https://img3.doubanio.com/view/photo/s_ratio_poster/public/p1344888983.jpg
步履不停,8.8,"阿部宽,夏川结衣,江原由希子",https://img3.doubanio.com/view/photo/s_ratio_poster/public/p2561539680.jpg
彗星来的那一夜,8.5,"艾米丽·芭尔多尼,莫瑞·史特林,尼古拉斯·布兰登",https://img9.doubanio.com/view/photo/s_ratio_poster/public/p2187896734.jpg
疯狂的麦克斯4：狂暴之路,8.6,"汤姆·哈迪,查理兹·塞隆,尼古拉斯·霍尔特",https://img3.doubanio.com/view/photo/s_ratio_poster/public/p2236181653.jpg
小萝莉的猴神大叔,8.4,"萨尔曼·汗,哈莎莉·马洛特拉,卡琳娜·卡普尔",https://img9.doubanio.com/view/photo/s_ratio_poster/public/p2510956726.jpg
再次出发之纽约遇见你,8.5,"凯拉·奈特莉,马克·鲁弗洛,亚当·莱文",https://img3.doubanio.com/view/photo/s_ratio_poster/public/p2250287733.jpg
聚焦,8.8,"马克·鲁弗洛,迈克尔·基顿,瑞秋·麦克亚当斯",https://img1.doubanio.com/view/photo/s_ratio_poster/public/p2263822658.jpg
驴得水,8.3,"任素汐,大力,刘帅良",https://img3.doubanio.com/view/photo/s_ratio_poster/public/p2393044761.jpg
东京物语,9.2,"笠智众,原节子,杉村春子",https://img9.doubanio.com/view/photo/s_ratio_poster/public/p1925331564.jpg
追随,8.9,"杰里米·西奥伯德,亚历克斯·霍,露西·拉塞尔",https://img3.doubanio.com/view/photo/s_ratio_poster/public/p2561545031.jpg
一次别离,8.7,"佩曼·莫阿迪,蕾拉·哈塔米,萨瑞·巴亚特",https://img9.doubanio.com/view/photo/s_ratio_poster/public/p2189835254.jpg
我爱你,9.0,"宋在浩,李顺载,尹秀晶",https://img1.doubanio.com/view/photo/s_ratio_poster/public/p1075591188.jpg
千钧一发,8.8,"伊桑·霍克,乌玛·瑟曼,裘德·洛",https://img9.doubanio.com/view/photo/s_ratio_poster/public/p2195672555.jpg
黑鹰坠落,8.7,"乔什·哈奈特,伊万·麦克格雷格,汤姆·塞兹摩尔",https://img3.doubanio.com/view/photo/s_ratio_poster/public/p1910900710.jpg
九品芝麻官,8.5,"周星驰,吴孟达,张敏",https://img3.doubanio.com/view/photo/s_ratio_poster/public/p648370300.jpg
四个春天,8.9,"陆运坤,李桂贤,陆庆伟",https://img1.doubanio.com/view/photo/s_ratio_poster/public/p2540578887.jpg
发条橙,8.5,"马尔科姆·麦克道威尔,帕特里克·马基,迈克尔·贝茨",https://img9.doubanio.com/view/photo/s_ratio_poster/public/p529908155.jpg
网络谜踪,8.6,"约翰·赵,米切尔·拉,黛博拉·梅辛",https://img1.doubanio.com/view/photo/s_ratio_poster/public/p2542848758.jpg
E.T. 外星人,8.6,"亨利·托马斯,迪·沃伦斯,罗伯特·麦克纳夫顿",https://img3.doubanio.com/view/photo/s_ratio_poster/public/p984732992.jpg
哈利·波特与火焰杯,8.5,"丹尼尔·雷德克里夫,艾玛·沃森,鲁伯特·格林特",https://img1.doubanio.com/view/photo/s_ratio_poster/public/p2220723219.jpg
撞车,8.6,"桑德拉·布洛克,唐·钱德尔,马特·狄龙",https://img3.doubanio.com/view/photo/s_ratio_poster/public/p2075132390.jpg
